rep,time_s,min_elbow_angle,worst_body_angle,body_issue,verdict,issues
1,12.33,78.3,141.5,pike,bad,Hips too high - lower your hips!
2,15.14,52.4,149.9,pike,bad,Hips too high - lower your hips!
3,33.71,71.7,140.3,pike,bad,Hips too high - lower your hips!
4,38.35,65.2,174.6,none,good,
5,40.87,83.6,176.3,none,good,
6,43.53,98.7,168.3,none,good,
7,63.38,131.6,168.5,none,bad,Half rep - go much lower!
8,65.39,107.0,164.2,sag,bad,Almost - go a bit lower!; Hips sagging - tighten your core!
9,81.15,125.4,172.7,none,bad,Half rep - go much lower!
10,82.95,97.7,168.5,none,good,
11,85.06,109.6,166.1,none,bad,Almost - go a bit lower!
12,87.0,89.8,164.6,sag,bad,Hips sagging - tighten your core!
13,89.27,65.5,168.7,none,good,
14,100.09,49.6,156.3,sag,bad,Hips sagging - tighten your core!
